{"cameraMode":{"drawMode":0,"name":"Shaded","section":"Shading Mode"},"sceneLighting":true,"audioPlay":false,"sceneViewState":{"m_AlwaysRefresh":false,"showFog":true,"showSkybox":true,"showFlares":true,"showImageEffects":true,"showParticleSystems":true,"showVisualEffectGraphs":true,"m_FxEnabled":true},"in2DMode":false,"pivot":{"x":-19.330638885498048,"y":2.4881064891815187,"z":-9.600388526916504},"rotation":{"x":0.02019389159977436,"y":0.7102522850036621,"z":-0.020544148981571199,"w":0.7034449577331543},"size":2.7743759155273439,"orthographic":true}